tahun,nama_provinsi,nama_kabupaten_kota,nama_kecamatan,nama_kelurahan,laki_laki,perempuan
2020,PROVINSI DKI JAKARTA,KAB.ADM.KEP.SERIBU,KEP. SERIBU UTR,P. PANGGANG,2483,2403
2020,PROVINSI DKI JAKARTA,KAB.ADM.KEP.SERIBU,KEP. SERIBU UTR,P. KELAPA,2505,2446
2020,PROVINSI DKI JAKARTA,KAB.ADM.KEP.SERIBU,KEP. SERIBU UTR,P. HARAPAN,937,933
2020,PROVINSI DKI JAKARTA,KAB.ADM.KEP.SERIBU,KEP. SERIBU SLT,P. UNTUNG JAWA,870,859
2020,PROVINSI DKI JAKARTA,KAB.ADM.KEP.SERIBU,KEP. SERIBU SLT,P. TIDUNG,2081,2066
2020,PROVINSI DKI JAKARTA,KAB.ADM.KEP.SERIBU,KEP. SERIBU SLT,P. PARI,1247,1217
2020,PROVINSI DKI JAKARTA,JAKARTA PUSAT,GAMBIR,GAMBIR,1272,1230
2020,PROVINSI DKI JAKARTA,JAKARTA PUSAT,GAMBIR,CIDENG,7359,7748
2020,PROVINSI DKI JAKARTA,JAKARTA PUSAT,GAMBIR,PETOJO UTARA,8540,8587
2020,PROVINSI DKI JAKARTA,JAKARTA PUSAT,GAMBIR,PETOJO SELATAN,7397,6988
2020,PROVINSI DKI JAKARTA,JAKARTA PUSAT,GAMBIR,KEBON KELAPA,5052,4974
2020,PROVINSI DKI JAKARTA,JAKARTA PUSAT,GAMBIR,DURI PULO,9678,9393
2020,PROVINSI DKI JAKARTA,JAKARTA PUSAT,SAWAH BESAR,PASAR BARU,6279,6526
2020,PROVINSI DKI JAKARTA,JAKARTA PUSAT,SAWAH BESAR,KARANG ANYAR,12468,12363
2020,PROVINSI DKI JAKARTA,JAKARTA PUSAT,SAWAH BESAR,KARTINI,10608,10954
2020,PROVINSI DKI JAKARTA,JAKARTA PUSAT,SAWAH BESAR,GUNUNG SAHARI UTARA,7928,8363
2020,PROVINSI DKI JAKARTA,JAKARTA PUSAT,SAWAH BESAR,MANGGA DUA SELATAN,13557,13212
2020,PROVINSI DKI JAKARTA,JAKARTA PUSAT,KEMAYORAN,KEMAYORAN,9832,9828
2020,PROVINSI DKI JAKARTA,JAKARTA PUSAT,KEMAYORAN,KEBON KOSONG,13716,14034
2020,PROVINSI DKI JAKARTA,JAKARTA PUSAT,KEMAYORAN,HARAPAN MULIA,10702,10669
2020,PROVINSI DKI JAKARTA,JAKARTA PUSAT,KEMAYORAN,SERDANG,13695,14085
2020,PROVINSI DKI JAKARTA,JAKARTA PUSAT,KEMAYORAN,GUNUNG SAHARI SELATAN,9452,9277
2020,PROVINSI DKI JAKARTA,JAKARTA PUSAT,KEMAYORAN,CEMPAKA BARU,15332,15558
2020,PROVINSI DKI JAKARTA,JAKARTA PUSAT,KEMAYORAN,SUMUR BATU,10557,10939
2020,PROVINSI DKI JAKARTA,JAKARTA PUSAT,KEMAYORAN,UTAN PANJANG,13847,13416
2020,PROVINSI DKI JAKARTA,JAKARTA PUSAT,SENEN,SENEN,3254,3165
2020,PROVINSI DKI JAKARTA,JAKARTA PUSAT,SENEN,KENARI,4575,4555
2020,PROVINSI DKI JAKARTA,JAKARTA PUSAT,SENEN,PASEBAN,10997,11215
2020,PROVINSI DKI JAKARTA,JAKARTA PUSAT,SENEN,KRAMAT,13729,13233
2020,PROVINSI DKI JAKARTA,JAKARTA PUSAT,SENEN,KWITANG,7223,7313
2020,PROVINSI DKI JAKARTA,JAKARTA PUSAT,SENEN,BUNGUR,8577,8518
2020,PROVINSI DKI JAKARTA,JAKARTA PUSAT,CEMPAKA PUTIH,CEMPAKA PUTIH TIMUR,11191,11650
2020,PROVINSI DKI JAKARTA,JAKARTA PUSAT,CEMPAKA PUTIH,CEMPAKA PUTIH BARAT,16541,16828
2020,PROVINSI DKI JAKARTA,JAKARTA PUSAT,CEMPAKA PUTIH,RAWASARI,10157,10466
2020,PROVINSI DKI JAKARTA,JAKARTA PUSAT,MENTENG,MENTENG,11929,12050
2020,PROVINSI DKI JAKARTA,JAKARTA PUSAT,MENTENG,PEGANGSAAN,10988,11025
2020,PROVINSI DKI JAKARTA,JAKARTA PUSAT,MENTENG,CIKINI,3923,3987
2020,PROVINSI DKI JAKARTA,JAKARTA PUSAT,MENTENG,GONDANGDIA,1846,2091
2020,PROVINSI DKI JAKARTA,JAKARTA PUSAT,MENTENG,KEBON SIRIH,5963,5703
2020,PROVINSI DKI JAKARTA,JAKARTA PUSAT,TANAH ABANG,GELORA,1447,1510
2020,PROVINSI DKI JAKARTA,JAKARTA PUSAT,TANAH ABANG,BENDUNGAN HILIR,9990,10374
2020,PROVINSI DKI JAKARTA,JAKARTA PUSAT,TANAH ABANG,KARET TENGSIN,8955,8784
2020,PROVINSI DKI JAKARTA,JAKARTA PUSAT,TANAH ABANG,PETAMBURAN,15715,15170
2020,PROVINSI DKI JAKARTA,JAKARTA PUSAT,TANAH ABANG,KEBON MELATI,15263,14742
2020,PROVINSI DKI JAKARTA,JAKARTA PUSAT,TANAH ABANG,KEBON KACANG,10115,10156
2020,PROVINSI DKI JAKARTA,JAKARTA PUSAT,TANAH ABANG,KAMPUNG BALI,5480,5535
2020,PROVINSI DKI JAKARTA,JAKARTA PUSAT,JOHAR BARU,JOHAR BARU,17239,17574
2020,PROVINSI DKI JAKARTA,JAKARTA PUSAT,JOHAR BARU,KAMPUNG RAWA,10006,9780
2020,PROVINSI DKI JAKARTA,JAKARTA PUSAT,JOHAR BARU,GALUR,8570,8257
2020,PROVINSI DKI JAKARTA,JAKARTA PUSAT,JOHAR BARU,TANAH TINGGI,17893,17450
2020,PROVINSI DKI JAKARTA,JAKARTA UTARA,PENJARINGAN,PENJARINGAN,41008,38368
2020,PROVINSI DKI JAKARTA,JAKARTA UTARA,PENJARINGAN,KAMAL MUARA,5706,5653
2020,PROVINSI DKI JAKARTA,JAKARTA UTARA,PENJARINGAN,KAPUK MUARA,16048,16014
2020,PROVINSI DKI JAKARTA,JAKARTA UTARA,PENJARINGAN,PEJAGALAN,33974,34293
2020,PROVINSI DKI JAKARTA,JAKARTA UTARA,PENJARINGAN,PLUIT,21192,22700
2020,PROVINSI DKI JAKARTA,JAKARTA UTARA,TANJUNG PRIOK,TANJUNG PRIOK,15655,15548
2020,PROVINSI DKI JAKARTA,JAKARTA UTARA,TANJUNG PRIOK,SUNTER JAYA,28418,28600
2020,PROVINSI DKI JAKARTA,JAKARTA UTARA,TANJUNG PRIOK,PAPANGGO,17622,17508
2020,PROVINSI DKI JAKARTA,JAKARTA UTARA,TANJUNG PRIOK,SUNGAI BAMBU,13556,13410
2020,PROVINSI DKI JAKARTA,JAKARTA UTARA,TANJUNG PRIOK,KEBON BAWANG,23299,22912
2020,PROVINSI DKI JAKARTA,JAKARTA UTARA,TANJUNG PRIOK,SUNTER AGUNG,32017,33320
2020,PROVINSI DKI JAKARTA,JAKARTA UTARA,TANJUNG PRIOK,WARAKAS,20093,19933
2020,PROVINSI DKI JAKARTA,JAKARTA UTARA,KOJA,KOJA,13180,12331
2020,PROVINSI DKI JAKARTA,JAKARTA UTARA,KOJA,TUGU UTARA,30259,30405
2020,PROVINSI DKI JAKARTA,JAKARTA UTARA,KOJA,LAGOA,26541,26705
2020,PROVINSI DKI JAKARTA,JAKARTA UTARA,KOJA,RAWA BADAK UTARA,15716,15296
2020,PROVINSI DKI JAKARTA,JAKARTA UTARA,KOJA,TUGU SELATAN,17596,17353
2020,PROVINSI DKI JAKARTA,JAKARTA UTARA,KOJA,RAWA BADAK SELATAN,19012,18824
2020,PROVINSI DKI JAKARTA,JAKARTA UTARA,CILINCING,CILINCING,19364,19064
2020,PROVINSI DKI JAKARTA,JAKARTA UTARA,CILINCING,SUKAPURA,24273,24822
2020,PROVINSI DKI JAKARTA,JAKARTA UTARA,CILINCING,MARUNDA,12625,12422
2020,PROVINSI DKI JAKARTA,JAKARTA UTARA,CILINCING,KALI BARU,30358,29837
2020,PROVINSI DKI JAKARTA,JAKARTA UTARA,CILINCING,SEMPER TIMUR,16149,16259
2020,PROVINSI DKI JAKARTA,JAKARTA UTARA,CILINCING,ROROTAN,18228,18267
2020,PROVINSI DKI JAKARTA,JAKARTA UTARA,CILINCING,SEMPER BARAT,30799,30948
2020,PROVINSI DKI JAKARTA,JAKARTA UTARA,PADEMANGAN,PADEMANGAN TIMUR,16869,17441
2020,PROVINSI DKI JAKARTA,JAKARTA UTARA,PADEMANGAN,PADEMANGAN BARAT,33975,32935
2020,PROVINSI DKI JAKARTA,JAKARTA UTARA,PADEMANGAN,ANCOL,11229,10456
2020,PROVINSI DKI JAKARTA,JAKARTA UTARA,KELAPA GADING,KELAPA GADING TIMUR,14726,16483
2020,PROVINSI DKI JAKARTA,JAKARTA UTARA,KELAPA GADING,PEGANGSAAN DUA,22129,23581
2020,PROVINSI DKI JAKARTA,JAKARTA UTARA,KELAPA GADING,KELAPA GADING BARAT,15743,16736
2020,PROVINSI DKI JAKARTA,JAKARTA BARAT,CENGKARENG,CENGKARENG BARAT,29744,29945
2020,PROVINSI DKI JAKARTA,JAKARTA BARAT,CENGKARENG,DURI KOSAMBI,34677,34806
2020,PROVINSI DKI JAKARTA,JAKARTA BARAT,CENGKARENG,RAWA BUAYA,28835,28381
2020,PROVINSI DKI JAKARTA,JAKARTA BARAT,CENGKARENG,KEDAUNG KALI ANGKE,14838,14437
2020,PROVINSI DKI JAKARTA,JAKARTA BARAT,CENGKARENG,KAPUK,60884,59192
2020,PROVINSI DKI JAKARTA,JAKARTA BARAT,CENGKARENG,CENGKARENG TIMUR,36268,36213
2020,PROVINSI DKI JAKARTA,JAKARTA BARAT,GROGOL PETAMBURAN,GROGOL,7691,7937
2020,PROVINSI DKI JAKARTA,JAKARTA BARAT,GROGOL PETAMBURAN,TANJUNG DUREN UTARA,7444,8235
2020,PROVINSI DKI JAKARTA,JAKARTA BARAT,GROGOL PETAMBURAN,TOMANG,13446,13758
2020,PROVINSI DKI JAKARTA,JAKARTA BARAT,GROGOL PETAMBURAN,JELAMBAR,13512,14282
2020,PROVINSI DKI JAKARTA,JAKARTA BARAT,GROGOL PETAMBURAN,TANJUNG DUREN SELATAN,11303,12118
2020,PROVINSI DKI JAKARTA,JAKARTA BARAT,GROGOL PETAMBURAN,JELAMBAR BARU,17312,17712
2020,PROVINSI DKI JAKARTA,JAKARTA BARAT,GROGOL PETAMBURAN,WIJAYA KUSUMA,17957,17634
2020,PROVINSI DKI JAKARTA,JAKARTA BARAT,TAMAN SARI,TAMAN SARI,6499,6814
2020,PROVINSI DKI JAKARTA,JAKARTA BARAT,TAMAN SARI,KRUKUT,8742,8878
2020,PROVINSI DKI JAKARTA,JAKARTA BARAT,TAMAN SARI,MAPHAR,7520,7644
2020,PROVINSI DKI JAKARTA,JAKARTA BARAT,TAMAN SARI,TANGKI,5956,6265
2020,PROVINSI DKI JAKARTA,JAKARTA BARAT,TAMAN SARI,MANGGA BESAR,3466,3679
2020,PROVINSI DKI JAKARTA,JAKARTA BARAT,TAMAN SARI,KEAGUNGAN,8026,7840
2020,PROVINSI DKI JAKARTA,JAKARTA BARAT,TAMAN SARI,GLODOK,3534,3833
2020,PROVINSI DKI JAKARTA,JAKARTA BARAT,TAMAN SARI,PINANGSIA,4955,4857
2020,PROVINSI DKI JAKARTA,JAKARTA BARAT,TAMBORA,TAMBORA,4729,4681
2020,PROVINSI DKI JAKARTA,JAKARTA BARAT,TAMBORA,KALI ANYAR,11120,10390
2020,PROVINSI DKI JAKARTA,JAKARTA BARAT,TAMBORA,DURI UTARA,9019,8940
2020,PROVINSI DKI JAKARTA,JAKARTA BARAT,TAMBORA,TANAH SEREAL,12005,12140
2020,PROVINSI DKI JAKARTA,JAKARTA BARAT,TAMBORA,KERENDANG,9390,8728
2020,PROVINSI DKI JAKARTA,JAKARTA BARAT,TAMBORA,JEMBATAN BESI,13867,12810
2020,PROVINSI DKI JAKARTA,JAKARTA BARAT,TAMBORA,ANGKE,13595,13142
2020,PROVINSI DKI JAKARTA,JAKARTA BARAT,TAMBORA,JEMBATAN LIMA,9674,9402
2020,PROVINSI DKI JAKARTA,JAKARTA BARAT,TAMBORA,PEKOJAN,10691,10880
2020,PROVINSI DKI JAKARTA,JAKARTA BARAT,TAMBORA,ROA MALAKA,1591,1655
2020,PROVINSI DKI JAKARTA,JAKARTA BARAT,TAMBORA,DURI SELATAN,6489,6614
2020,PROVINSI DKI JAKARTA,JAKARTA BARAT,KEBON JERUK,KEBON JERUK,23951,24451
2020,PROVINSI DKI JAKARTA,JAKARTA BARAT,KEBON JERUK,SUKABUMI UTARA,17020,17393
2020,PROVINSI DKI JAKARTA,JAKARTA BARAT,KEBON JERUK,SUKABUMI SELATAN,16716,16571
2020,PROVINSI DKI JAKARTA,JAKARTA BARAT,KEBON JERUK,KELAPA DUA,10528,10687
2020,PROVINSI DKI JAKARTA,JAKARTA BARAT,KEBON JERUK,DURI KEPA,26950,27840
2020,PROVINSI DKI JAKARTA,JAKARTA BARAT,KEBON JERUK,KEDOYA UTARA,20704,20865
2020,PROVINSI DKI JAKARTA,JAKARTA BARAT,KEBON JERUK,KEDOYA SELATAN,14451,14687
2020,PROVINSI DKI JAKARTA,JAKARTA BARAT,KALI DERES,KALIDERES,32684,32584
2020,PROVINSI DKI JAKARTA,JAKARTA BARAT,KALI DERES,SEMANAN,31989,31236
2020,PROVINSI DKI JAKARTA,JAKARTA BARAT,KALI DERES,TEGAL ALUR,37492,37167
2020,PROVINSI DKI JAKARTA,JAKARTA BARAT,KALI DERES,KAMAL,23991,23463
2020,PROVINSI DKI JAKARTA,JAKARTA BARAT,KALI DERES,PEGADUNGAN,33452,33940
2020,PROVINSI DKI JAKARTA,JAKARTA BARAT,PALMERAH,PALMERAH,28457,28408
2020,PROVINSI DKI JAKARTA,JAKARTA BARAT,PALMERAH,SLIPI,7563,7487
2020,PROVINSI DKI JAKARTA,JAKARTA BARAT,PALMERAH,KOTA BAMBU UTARA,11289,11207
2020,PROVINSI DKI JAKARTA,JAKARTA BARAT,PALMERAH,JATI PULO,13036,12959
2020,PROVINSI DKI JAKARTA,JAKARTA BARAT,PALMERAH,KEMANGGISAN,14485,14726
2020,PROVINSI DKI JAKARTA,JAKARTA BARAT,PALMERAH,KOTA BAMBU SELATAN,9651,9571
2020,PROVINSI DKI JAKARTA,JAKARTA BARAT,KEMBANGAN,KEMBANGAN UTARA,24315,24321
2020,PROVINSI DKI JAKARTA,JAKARTA BARAT,KEMBANGAN,MERUYA UTARA,19623,20074
2020,PROVINSI DKI JAKARTA,JAKARTA BARAT,KEMBANGAN,MERUYA SELATAN,14149,14506
2020,PROVINSI DKI JAKARTA,JAKARTA BARAT,KEMBANGAN,SRENGSENG,20168,20424
2020,PROVINSI DKI JAKARTA,JAKARTA BARAT,KEMBANGAN,JOGLO,18062,18455
2020,PROVINSI DKI JAKARTA,JAKARTA BARAT,KEMBANGAN,KEMBANGAN SELATAN,12151,12519
2020,PROVINSI DKI JAKARTA,JAKARTA SELATAN,TEBET,TEBET TIMUR,7896,8733
2020,PROVINSI DKI JAKARTA,JAKARTA SELATAN,TEBET,TEBET BARAT,9382,10174
2020,PROVINSI DKI JAKARTA,JAKARTA SELATAN,TEBET,MENTENG DALAM,16172,16531
2020,PROVINSI DKI JAKARTA,JAKARTA SELATAN,TEBET,KEBON BARU,15636,16141
2020,PROVINSI DKI JAKARTA,JAKARTA SELATAN,TEBET,BUKIT DURI,15433,15613
2020,PROVINSI DKI JAKARTA,JAKARTA SELATAN,TEBET,MANGGARAI SELATAN,10351,10589
2020,PROVINSI DKI JAKARTA,JAKARTA SELATAN,TEBET,MANGGARAI,12895,13029
2020,PROVINSI DKI JAKARTA,JAKARTA SELATAN,SETIA BUDI,SETIA BUDI,1391,1429
2020,PROVINSI DKI JAKARTA,JAKARTA SELATAN,SETIA BUDI,KARET SEMANGGI,1260,1274
2020,PROVINSI DKI JAKARTA,JAKARTA SELATAN,SETIA BUDI,KARET KUNINGAN,7279,7388
2020,PROVINSI DKI JAKARTA,JAKARTA SELATAN,SETIA BUDI,KARET,4383,4466
2020,PROVINSI DKI JAKARTA,JAKARTA SELATAN,SETIA BUDI,MENTENG ATAS,12261,13003
2020,PROVINSI DKI JAKARTA,JAKARTA SELATAN,SETIA BUDI,PASAR MANGGIS,12167,12005
2020,PROVINSI DKI JAKARTA,JAKARTA SELATAN,SETIA BUDI,GUNTUR,1785,1921
2020,PROVINSI DKI JAKARTA,JAKARTA SELATAN,SETIA BUDI,KUNINGAN TIMUR,2737,2746
2020,PROVINSI DKI JAKARTA,JAKARTA SELATAN,MAMPANG PRAPATAN,MAMPANG PRAPATAN,8252,8230
2020,PROVINSI DKI JAKARTA,JAKARTA SELATAN,MAMPANG PRAPATAN,BANGKA,9808,9738
2020,PROVINSI DKI JAKARTA,JAKARTA SELATAN,MAMPANG PRAPATAN,PELA MAMPANG,19679,19852
2020,PROVINSI DKI JAKARTA,JAKARTA SELATAN,MAMPANG PRAPATAN,TEGAL PARANG,14618,14380
2020,PROVINSI DKI JAKARTA,JAKARTA SELATAN,MAMPANG PRAPATAN,KUNINGAN BARAT,5925,5708
2020,PROVINSI DKI JAKARTA,JAKARTA SELATAN,PASAR MINGGU,PASAR MINGGU,11055,11363
2020,PROVINSI DKI JAKARTA,JAKARTA SELATAN,PASAR MINGGU,JATI PADANG,16628,17358
2020,PROVINSI DKI JAKARTA,JAKARTA SELATAN,PASAR MINGGU,CILANDAK TIMUR,11889,10962
2020,PROVINSI DKI JAKARTA,JAKARTA SELATAN,PASAR MINGGU,RAGUNAN,17673,18042
2020,PROVINSI DKI JAKARTA,JAKARTA SELATAN,PASAR MINGGU,PEJATEN TIMUR,25733,26041
2020,PROVINSI DKI JAKARTA,JAKARTA SELATAN,PASAR MINGGU,PEJATEN BARAT,16612,17030
2020,PROVINSI DKI JAKARTA,JAKARTA SELATAN,PASAR MINGGU,KEBAGUSAN,19780,19948
2020,PROVINSI DKI JAKARTA,JAKARTA SELATAN,KEBAYORAN LAMA,KEBAYORAN LAMA UTARA,19203,19129
2020,PROVINSI DKI JAKARTA,JAKARTA SELATAN,KEBAYORAN LAMA,PONDOK PINANG,24881,25913
2020,PROVINSI DKI JAKARTA,JAKARTA SELATAN,KEBAYORAN LAMA,CIPULIR,17809,18116
2020,PROVINSI DKI JAKARTA,JAKARTA SELATAN,KEBAYORAN LAMA,GROGOL UTARA,19202,19328
2020,PROVINSI DKI JAKARTA,JAKARTA SELATAN,KEBAYORAN LAMA,GROGOL SELATAN,19993,19961
2020,PROVINSI DKI JAKARTA,JAKARTA SELATAN,KEBAYORAN LAMA,KEBAYORAN LAMA SELATAN,18421,18653
2020,PROVINSI DKI JAKARTA,JAKARTA SELATAN,CILANDAK,CILANDAK BARAT,22922,23955
2020,PROVINSI DKI JAKARTA,JAKARTA SELATAN,CILANDAK,LEBAK BULUS,16553,17216
2020,PROVINSI DKI JAKARTA,JAKARTA SELATAN,CILANDAK,PONDOK LABU,20046,21057
2020,PROVINSI DKI JAKARTA,JAKARTA SELATAN,CILANDAK,GANDARIA SELATAN,9795,10317
2020,PROVINSI DKI JAKARTA,JAKARTA SELATAN,CILANDAK,CIPETE SELATAN,11942,12341
2020,PROVINSI DKI JAKARTA,JAKARTA SELATAN,KEBAYORAN BARU,MELAWAI,1184,1326
2020,PROVINSI DKI JAKARTA,JAKARTA SELATAN,KEBAYORAN BARU,GUNUNG,4210,4380
2020,PROVINSI DKI JAKARTA,JAKARTA SELATAN,KEBAYORAN BARU,KRAMAT PELA,6553,6607
2020,PROVINSI DKI JAKARTA,JAKARTA SELATAN,KEBAYORAN BARU,SELONG,1254,1405
2020,PROVINSI DKI JAKARTA,JAKARTA SELATAN,KEBAYORAN BARU,RAWA BARAT,2490,2701
2020,PROVINSI DKI JAKARTA,JAKARTA SELATAN,KEBAYORAN BARU,SENAYAN,1271,1309
2020,PROVINSI DKI JAKARTA,JAKARTA SELATAN,KEBAYORAN BARU,PULO,2486,2838
2020,PROVINSI DKI JAKARTA,JAKARTA SELATAN,KEBAYORAN BARU,PETOGOGAN,5301,5267
2020,PROVINSI DKI JAKARTA,JAKARTA SELATAN,KEBAYORAN BARU,GANDARIA UTARA,17705,18444
2020,PROVINSI DKI JAKARTA,JAKARTA SELATAN,KEBAYORAN BARU,CIPETE UTARA,15395,15414
2020,PROVINSI DKI JAKARTA,JAKARTA SELATAN,PANCORAN,PANCORAN,8778,8744
2020,PROVINSI DKI JAKARTA,JAKARTA SELATAN,PANCORAN,KALIBATA,18728,19092
2020,PROVINSI DKI JAKARTA,JAKARTA SELATAN,PANCORAN,RAWA JATI,9154,9642
2020,PROVINSI DKI JAKARTA,JAKARTA SELATAN,PANCORAN,DUREN TIGA,12669,12823
2020,PROVINSI DKI JAKARTA,JAKARTA SELATAN,PANCORAN,PENGADEGAN,9559,9847
2020,PROVINSI DKI JAKARTA,JAKARTA SELATAN,PANCORAN,CIKOKO,4754,4849
2020,PROVINSI DKI JAKARTA,JAKARTA SELATAN,JAGAKARSA,JAGAKARSA,27485,27937
2020,PROVINSI DKI JAKARTA,JAKARTA SELATAN,JAGAKARSA,SRENGSENG SAWAH,25885,26064
2020,PROVINSI DKI JAKARTA,JAKARTA SELATAN,JAGAKARSA,CIGANJUR,16941,17226
2020,PROVINSI DKI JAKARTA,JAKARTA SELATAN,JAGAKARSA,LENTENG AGUNG,23896,24204
2020,PROVINSI DKI JAKARTA,JAKARTA SELATAN,JAGAKARSA,TANJUNG BARAT,17709,17912
2020,PROVINSI DKI JAKARTA,JAKARTA SELATAN,JAGAKARSA,CIPEDAK,16706,17070
2020,PROVINSI DKI JAKARTA,JAKARTA SELATAN,PESANGGRAHAN,PESANGGRAHAN,12274,12405
2020,PROVINSI DKI JAKARTA,JAKARTA SELATAN,PESANGGRAHAN,BINTARO,23489,24037
2020,PROVINSI DKI JAKARTA,JAKARTA SELATAN,PESANGGRAHAN,PETUKANGAN UTARA,23728,24353
2020,PROVINSI DKI JAKARTA,JAKARTA SELATAN,PESANGGRAHAN,PETUKANGAN SELATAN,16484,16914
2020,PROVINSI DKI JAKARTA,JAKARTA SELATAN,PESANGGRAHAN,ULUJAMI,18197,18173
2020,PROVINSI DKI JAKARTA,JAKARTA TIMUR,MATRAMAN,PISANGAN BARU,14269,14482
2020,PROVINSI DKI JAKARTA,JAKARTA TIMUR,MATRAMAN,UTAN KAYU UTARA,12677,12955
2020,PROVINSI DKI JAKARTA,JAKARTA TIMUR,MATRAMAN,KAYU MANIS,11336,11702
2020,PROVINSI DKI JAKARTA,JAKARTA TIMUR,MATRAMAN,PAL MERIAM,9007,9198
2020,PROVINSI DKI JAKARTA,JAKARTA TIMUR,MATRAMAN,KEBON MANGGIS,7493,7703
2020,PROVINSI DKI JAKARTA,JAKARTA TIMUR,MATRAMAN,UTAN KAYU SELATAN,14917,15540
2020,PROVINSI DKI JAKARTA,JAKARTA TIMUR,PULO GADUNG,PULO GADUNG,15663,15704
2020,PROVINSI DKI JAKARTA,JAKARTA TIMUR,PULO GADUNG,PISANGAN TIMUR,18334,18825
2020,PROVINSI DKI JAKARTA,JAKARTA TIMUR,PULO GADUNG,CIPINANG,17684,18190
2020,PROVINSI DKI JAKARTA,JAKARTA TIMUR,PULO GADUNG,JATINEGARA KAUM,11204,11093
2020,PROVINSI DKI JAKARTA,JAKARTA TIMUR,PULO GADUNG,RAWAMANGUN,16719,17492
2020,PROVINSI DKI JAKARTA,JAKARTA TIMUR,PULO GADUNG,KAYU PUTIH,18185,18985
2020,PROVINSI DKI JAKARTA,JAKARTA TIMUR,PULO GADUNG,JATI,14464,15513
2020,PROVINSI DKI JAKARTA,JAKARTA TIMUR,JATINEGARA,KAMPUNG MELAYU,11736,11345
2020,PROVINSI DKI JAKARTA,JAKARTA TIMUR,JATINEGARA,BIDARA CINA,16507,17001
2020,PROVINSI DKI JAKARTA,JAKARTA TIMUR,JATINEGARA,BALI MESTER,4431,4550
2020,PROVINSI DKI JAKARTA,JAKARTA TIMUR,JATINEGARA,RAWA BUNGA,9583,9756
2020,PROVINSI DKI JAKARTA,JAKARTA TIMUR,JATINEGARA,CIPINANG CEMPEDAK,14636,15394
2020,PROVINSI DKI JAKARTA,JAKARTA TIMUR,JATINEGARA,CIPINANG MUARA,24882,25204
2020,PROVINSI DKI JAKARTA,JAKARTA TIMUR,JATINEGARA,CIPINANG BESAR SELATAN,15892,15800
2020,PROVINSI DKI JAKARTA,JAKARTA TIMUR,JATINEGARA,CIPINANG BESAR UTARA,21413,20772
2020,PROVINSI DKI JAKARTA,JAKARTA TIMUR,KRAMAT JATI,KRAMAT JATI,15461,15548
2020,PROVINSI DKI JAKARTA,JAKARTA TIMUR,KRAMAT JATI,KAMPUNG TENGAH,19649,19639
2020,PROVINSI DKI JAKARTA,JAKARTA TIMUR,KRAMAT JATI,DUKUH,10835,11133
2020,PROVINSI DKI JAKARTA,JAKARTA TIMUR,KRAMAT JATI,BATU AMPAR,20969,21774
2020,PROVINSI DKI JAKARTA,JAKARTA TIMUR,KRAMAT JATI,BALE KAMBANG,12969,13020
2020,PROVINSI DKI JAKARTA,JAKARTA TIMUR,KRAMAT JATI,CILILITAN,18066,18318
2020,PROVINSI DKI JAKARTA,JAKARTA TIMUR,KRAMAT JATI,CAWANG,14899,14939
2020,PROVINSI DKI JAKARTA,JAKARTA TIMUR,PASAR REBO,GEDONG,15861,16235
2020,PROVINSI DKI JAKARTA,JAKARTA TIMUR,PASAR REBO,BARU,10748,10440
2020,PROVINSI DKI JAKARTA,JAKARTA TIMUR,PASAR REBO,CIJANTUNG,18541,18730
2020,PROVINSI DKI JAKARTA,JAKARTA TIMUR,PASAR REBO,KALISARI,19330,19441
2020,PROVINSI DKI JAKARTA,JAKARTA TIMUR,PASAR REBO,PEKAYON,19574,19160
2020,PROVINSI DKI JAKARTA,JAKARTA TIMUR,CAKUNG,JATINEGARA,38390,37061
2020,PROVINSI DKI JAKARTA,JAKARTA TIMUR,CAKUNG,RAWA TERATE,11472,10774
2020,PROVINSI DKI JAKARTA,JAKARTA TIMUR,CAKUNG,PENGGILINGAN,43740,43290
2020,PROVINSI DKI JAKARTA,JAKARTA TIMUR,CAKUNG,CAKUNG TIMUR,26291,26073
2020,PROVINSI DKI JAKARTA,JAKARTA TIMUR,CAKUNG,PULO GEBANG,43210,43684
2020,PROVINSI DKI JAKARTA,JAKARTA TIMUR,CAKUNG,UJUNG MENTENG,13295,13398
2020,PROVINSI DKI JAKARTA,JAKARTA TIMUR,CAKUNG,CAKUNG BARAT,26025,25544
2020,PROVINSI DKI JAKARTA,JAKARTA TIMUR,DUREN SAWIT,DUREN SAWIT,27011,28081
2020,PROVINSI DKI JAKARTA,JAKARTA TIMUR,DUREN SAWIT,PONDOK BAMBU,27591,27981
2020,PROVINSI DKI JAKARTA,JAKARTA TIMUR,DUREN SAWIT,KLENDER,31209,31425
2020,PROVINSI DKI JAKARTA,JAKARTA TIMUR,DUREN SAWIT,PONDOK KELAPA,31751,32880
2020,PROVINSI DKI JAKARTA,JAKARTA TIMUR,DUREN SAWIT,MALAKA SARI,11910,13012
2020,PROVINSI DKI JAKARTA,JAKARTA TIMUR,DUREN SAWIT,MALAKA JAYA,13335,14575
2020,PROVINSI DKI JAKARTA,JAKARTA TIMUR,DUREN SAWIT,PONDOK KOPI,15789,16195
2020,PROVINSI DKI JAKARTA,JAKARTA TIMUR,MAKASAR,MAKASAR,15494,15646
2020,PROVINSI DKI JAKARTA,JAKARTA TIMUR,MAKASAR,PINANG RANTI,12104,12150
2020,PROVINSI DKI JAKARTA,JAKARTA TIMUR,MAKASAR,KEBON PALA,21133,21118
2020,PROVINSI DKI JAKARTA,JAKARTA TIMUR,MAKASAR,HALIM PERDANA KUSUMAH,12949,12711
2020,PROVINSI DKI JAKARTA,JAKARTA TIMUR,MAKASAR,CIPINANG MELAYU,18969,19537
2020,PROVINSI DKI JAKARTA,JAKARTA TIMUR,CIRACAS,CIRACAS,29093,28874
2020,PROVINSI DKI JAKARTA,JAKARTA TIMUR,CIRACAS,CIBUBUR,29166,30057
2020,PROVINSI DKI JAKARTA,JAKARTA TIMUR,CIRACAS,KELAPA DUA WETAN,20698,21376
2020,PROVINSI DKI JAKARTA,JAKARTA TIMUR,CIRACAS,SUSUKAN,17331,17070
2020,PROVINSI DKI JAKARTA,JAKARTA TIMUR,CIRACAS,RAMBUTAN,16562,16438
2020,PROVINSI DKI JAKARTA,JAKARTA TIMUR,CIPAYUNG,CIPAYUNG,12004,11680
2020,PROVINSI DKI JAKARTA,JAKARTA TIMUR,CIPAYUNG,CILANGKAP,12340,12190
2020,PROVINSI DKI JAKARTA,JAKARTA TIMUR,CIPAYUNG,PONDOK RANGGON,11195,11374
2020,PROVINSI DKI JAKARTA,JAKARTA TIMUR,CIPAYUNG,MUNJUL,10642,10646
2020,PROVINSI DKI JAKARTA,JAKARTA TIMUR,CIPAYUNG,SETU,9072,9079
2020,PROVINSI DKI JAKARTA,JAKARTA TIMUR,CIPAYUNG,BAMBU APUS,11691,11803
2020,PROVINSI DKI JAKARTA,JAKARTA TIMUR,CIPAYUNG,LUBANG BUAYA,28194,28530
2020,PROVINSI DKI JAKARTA,JAKARTA TIMUR,CIPAYUNG,CEGER,8491,8476
